{}
{"vulName": "Brazil municipal site SQL Injection Vulnerability - CXSecurity.com", "vulNum": "", "vulLink": "http://www.anquanke.com/vul/id/1311709", "vulUpdateTime": "2018-09-16"}
{"vulName": "STOPzilla AntiMalware 6.5.2.59 Privilege Escalation - CXSecurity.com", "vulNum": "", "vulLink": "http://www.anquanke.com/vul/id/1310769", "vulUpdateTime": "2018-09-15"}
{"vulName": "Lone Wolf Technologies loadingDOCS 安全漏洞", "vulNum": "CVE-2018-15502", "vulLink": "http://www.anquanke.com/vul/id/1308526", "vulUpdateTime": "2018-09-15"}
{"vulName": "v1technologies admin page bypass vulnerability - CXSecurity.com", "vulNum": "", "vulLink": "http://www.anquanke.com/vul/id/1310579", "vulUpdateTime": "2018-09-15"}
{"vulName": "Design G. Wolfgang Build Y. Neuman 1234 Up.Co.il Hosting Israel SQL Injection Vulnerability - CXSecurity.com", "vulNum": "", "vulLink": "http://www.anquanke.com/vul/id/1311118", "vulUpdateTime": "2018-09-15"}
{"vulName": "MNW Digital Agency Mnw.Pt Hosting Portugal SQL Injection Vulnerability - CXSecurity.com", "vulNum": "", "vulLink": "http://www.anquanke.com/vul/id/1311119", "vulUpdateTime": "2018-09-15"}
{"vulName": "Powered by: SYSCOM Technologies S.A.R.L SqlInjection - CXSecurity.com", "vulNum": "", "vulLink": "http://www.anquanke.com/vul/id/1311120", "vulUpdateTime": "2018-09-15"}
{"vulName": "SMSITEנבנה ע״י SmSite.Co.il Hosting Israel SQL Injection Vulnerability - CXSecurity.com", "vulNum": "", "vulLink": "http://www.anquanke.com/vul/id/1311121", "vulUpdateTime": "2018-09-15"}
{"vulName": "Another Site By Simply-Smart.Com Hosting Israel SQL Injection Vulnerability - CXSecurity.com", "vulNum": "", "vulLink": "http://www.anquanke.com/vul/id/1311122", "vulUpdateTime": "2018-09-15"}
{"vulName": "Desarrollado por Kodfee Constultores IT. Mexico SQL Injection Vulnerability - CXSecurity.com", "vulNum": "", "vulLink": "http://www.anquanke.com/vul/id/1311123", "vulUpdateTime": "2018-09-15"}
{"vulName": "WebEmpire.co.il נבנה ע\"י Hosting Web Design Israel SQL Injection Vulnerability - CXSecurity.com", "vulNum": "", "vulLink": "http://www.anquanke.com/vul/id/1311124", "vulUpdateTime": "2018-09-15"}
{"vulName": "F5 WebSafe Alert Server 安全漏洞", "vulNum": "CVE-2018-5545", "vulLink": "http://www.anquanke.com/vul/id/1309696", "vulUpdateTime": "2018-09-14"}
{"vulName": "F5 BIG-IP Access Policy Manager 安全漏洞", "vulNum": "CVE-2018-5548", "vulLink": "http://www.anquanke.com/vul/id/1309697", "vulUpdateTime": "2018-09-14"}
{"vulName": "F5 BIG-IP Access Policy Manager 安全漏洞", "vulNum": "CVE-2018-5549", "vulLink": "http://www.anquanke.com/vul/id/1309698", "vulUpdateTime": "2018-09-14"}
{"vulName": "IBM Maximo Asset Management 安全漏洞", "vulNum": "CVE-2018-1698", "vulLink": "http://www.anquanke.com/vul/id/1309699", "vulUpdateTime": "2018-09-14"}
{"vulName": "Squash TM 安全漏洞", "vulNum": "CVE-2018-16987", "vulLink": "http://www.anquanke.com/vul/id/1309700", "vulUpdateTime": "2018-09-14"}
{"vulName": "mgetty 安全漏洞", "vulNum": "CVE-2018-16741", "vulLink": "http://www.anquanke.com/vul/id/1309701", "vulUpdateTime": "2018-09-14"}
{"vulName": "mgetty 缓冲区错误漏洞", "vulNum": "CVE-2018-16742", "vulLink": "http://www.anquanke.com/vul/id/1309702", "vulUpdateTime": "2018-09-14"}
{"vulName": "mgetty 缓冲区错误漏洞", "vulNum": "CVE-2018-16743", "vulLink": "http://www.anquanke.com/vul/id/1309703", "vulUpdateTime": "2018-09-14"}
{"vulName": "mgetty 命令注入漏洞", "vulNum": "CVE-2018-16744", "vulLink": "http://www.anquanke.com/vul/id/1309704", "vulUpdateTime": "2018-09-14"}
{"vulName": "mgetty 缓冲区错误漏洞", "vulNum": "CVE-2018-16745", "vulLink": "http://www.anquanke.com/vul/id/1309705", "vulUpdateTime": "2018-09-14"}
{"vulName": "HiScout GRC Suite 安全漏洞", "vulNum": "CVE-2018-16796", "vulLink": "http://www.anquanke.com/vul/id/1309706", "vulUpdateTime": "2018-09-14"}
{"vulName": "Netwide Assembler 安全漏洞", "vulNum": "CVE-2018-16999", "vulLink": "http://www.anquanke.com/vul/id/1309707", "vulUpdateTime": "2018-09-14"}
{"vulName": "Silicon Graphics LibTIFF 安全漏洞", "vulNum": "CVE-2018-17000", "vulLink": "http://www.anquanke.com/vul/id/1309708", "vulUpdateTime": "2018-09-14"}
{"vulName": "TP-Link TL-WR886N 安全漏洞", "vulNum": "CVE-2018-17004", "vulLink": "http://www.anquanke.com/vul/id/1309709", "vulUpdateTime": "2018-09-14"}
{"vulName": "TP-Link TL-WR886N 安全漏洞", "vulNum": "CVE-2018-17005", "vulLink": "http://www.anquanke.com/vul/id/1309710", "vulUpdateTime": "2018-09-14"}
{"vulName": "TP-Link TL-WR886N 安全漏洞", "vulNum": "CVE-2018-17006", "vulLink": "http://www.anquanke.com/vul/id/1309711", "vulUpdateTime": "2018-09-14"}
{"vulName": "TP-Link TL-WR886N 安全漏洞", "vulNum": "CVE-2018-17007", "vulLink": "http://www.anquanke.com/vul/id/1309712", "vulUpdateTime": "2018-09-14"}
{"vulName": "Linux/x86 - Random Bytewise XOR + Insertion Encoder Shellcode (54 bytes)", "vulNum": "", "vulLink": "http://www.anquanke.com/vul/id/1310011", "vulUpdateTime": "2018-09-14"}
{"vulName": "Wordpress Plugin Survey & Poll 1.5.7.3 - 'sss_params' SQL Injection", "vulNum": "", "vulLink": "http://www.anquanke.com/vul/id/1309768", "vulUpdateTime": "2018-09-14"}
{"vulName": "CdBurnerXP 4.5.8.6795 - 'File Name' Denial of Service (PoC)", "vulNum": "", "vulLink": "http://www.anquanke.com/vul/id/1309532", "vulUpdateTime": "2018-09-14"}
{"vulName": "Free MP3 CD Ripper 2.6 - '.wma' Local Buffer Overflow (SEH)", "vulNum": "", "vulLink": "http://www.anquanke.com/vul/id/1309801", "vulUpdateTime": "2018-09-14"}
{"vulName": "InfraRecorder 0.53 - '.txt' Denial of Service (PoC)", "vulNum": "", "vulLink": "http://www.anquanke.com/vul/id/1309802", "vulUpdateTime": "2018-09-14"}
{"vulName": "Microsoft GDI 信息泄露漏洞", "vulNum": "CVE-2018-8422", "vulLink": "http://www.anquanke.com/vul/id/1308567", "vulUpdateTime": "2018-09-14"}
{"vulName": "Faleemi Plus 1.0.2 - Denial of Service (PoC)", "vulNum": "", "vulLink": "http://www.anquanke.com/vul/id/1309858", "vulUpdateTime": "2018-09-14"}
{"vulName": "Linux/x86 - Add User(r00t/blank) Polymorphic Shellcode (103 bytes)", "vulNum": "", "vulLink": "http://www.anquanke.com/vul/id/1309859", "vulUpdateTime": "2018-09-14"}
{"vulName": "TP-Link TL-WR886N 安全漏洞", "vulNum": "CVE-2018-17008", "vulLink": "http://www.anquanke.com/vul/id/1309622", "vulUpdateTime": "2018-09-14"}
{"vulName": "TP-Link TL-WR886N 安全漏洞", "vulNum": "CVE-2018-17009", "vulLink": "http://www.anquanke.com/vul/id/1309623", "vulUpdateTime": "2018-09-14"}
{"vulName": "TP-Link TL-WR886N 安全漏洞", "vulNum": "CVE-2018-17010", "vulLink": "http://www.anquanke.com/vul/id/1309624", "vulUpdateTime": "2018-09-14"}
{"vulName": "TP-Link TL-WR886N 安全漏洞", "vulNum": "CVE-2018-17011", "vulLink": "http://www.anquanke.com/vul/id/1309625", "vulUpdateTime": "2018-09-14"}
{}
{"vulName": "TP-Link TL-WR886N 安全漏洞", "vulNum": "CVE-2018-17012", "vulLink": "http://www.anquanke.com/vul/id/1309626", "vulUpdateTime": "2018-09-14"}
{"vulName": "TP-Link TL-WR886N 安全漏洞", "vulNum": "CVE-2018-17013", "vulLink": "http://www.anquanke.com/vul/id/1309627", "vulUpdateTime": "2018-09-14"}
{"vulName": "TP-Link TL-WR886N 安全漏洞", "vulNum": "CVE-2018-17014", "vulLink": "http://www.anquanke.com/vul/id/1309628", "vulUpdateTime": "2018-09-14"}
{"vulName": "TP-Link TL-WR886N 安全漏洞", "vulNum": "CVE-2018-17015", "vulLink": "http://www.anquanke.com/vul/id/1309629", "vulUpdateTime": "2018-09-14"}
{"vulName": "TP-Link TL-WR886N 安全漏洞", "vulNum": "CVE-2018-17016", "vulLink": "http://www.anquanke.com/vul/id/1309630", "vulUpdateTime": "2018-09-14"}
{"vulName": "TP-Link TL-WR886N 安全漏洞", "vulNum": "CVE-2018-17017", "vulLink": "http://www.anquanke.com/vul/id/1309631", "vulUpdateTime": "2018-09-14"}
{"vulName": "TP-Link TL-WR886N 安全漏洞", "vulNum": "CVE-2018-17018", "vulLink": "http://www.anquanke.com/vul/id/1309632", "vulUpdateTime": "2018-09-14"}
{"vulName": "Apache Mesos libprocess 安全漏洞", "vulNum": "CVE-2018-1330", "vulLink": "http://www.anquanke.com/vul/id/1309633", "vulUpdateTime": "2018-09-14"}
{"vulName": "Bro 安全漏洞", "vulNum": "CVE-2018-17019", "vulLink": "http://www.anquanke.com/vul/id/1309634", "vulUpdateTime": "2018-09-14"}
{"vulName": "ASUS GT-AC5300 安全漏洞", "vulNum": "CVE-2018-17020", "vulLink": "http://www.anquanke.com/vul/id/1309635", "vulUpdateTime": "2018-09-14"}
{"vulName": "ASUS GT-AC5300 跨站脚本漏洞", "vulNum": "CVE-2018-17021", "vulLink": "http://www.anquanke.com/vul/id/1309636", "vulUpdateTime": "2018-09-14"}
{"vulName": "ASUS GT-AC5300 缓冲区错误漏洞", "vulNum": "CVE-2018-17022", "vulLink": "http://www.anquanke.com/vul/id/1309637", "vulUpdateTime": "2018-09-14"}
{"vulName": "ASUS GT-AC5300 跨站请求伪造漏洞", "vulNum": "CVE-2018-17023", "vulLink": "http://www.anquanke.com/vul/id/1309638", "vulUpdateTime": "2018-09-14"}
{"vulName": "Monstra CMS 跨站脚本漏洞", "vulNum": "CVE-2018-17024", "vulLink": "http://www.anquanke.com/vul/id/1309639", "vulUpdateTime": "2018-09-14"}
{"vulName": "Monstra CMS 跨站脚本漏洞", "vulNum": "CVE-2018-17025", "vulLink": "http://www.anquanke.com/vul/id/1309640", "vulUpdateTime": "2018-09-14"}
{"vulName": "Monstra CMS 跨站脚本漏洞", "vulNum": "CVE-2018-17026", "vulLink": "http://www.anquanke.com/vul/id/1309641", "vulUpdateTime": "2018-09-14"}
{"vulName": "Watchguard AP100 AP102 AP200 1.2.9.15 - Remote Code Execution (Metasploit)", "vulNum": "", "vulLink": "http://www.anquanke.com/vul/id/1309402", "vulUpdateTime": "2018-09-14"}
{"vulName": "Linux/86 - File Modification(/etc/hosts) Polymorphic Shellcode (99 bytes)", "vulNum": "", "vulLink": "http://www.anquanke.com/vul/id/1309943", "vulUpdateTime": "2018-09-14"}
{"vulName": "Linux/x86 - Read File (/etc/passwd) MSF Optimized Shellcode (61 bytes)", "vulNum": "", "vulLink": "http://www.anquanke.com/vul/id/1309944", "vulUpdateTime": "2018-09-14"}
{"vulName": "Huawei Mate RS 安全漏洞", "vulNum": "CVE-2018-7929", "vulLink": "http://www.anquanke.com/vul/id/1309693", "vulUpdateTime": "2018-09-14"}
{"vulName": "F5 BIG-IP APM portal access 安全漏洞", "vulNum": "CVE-2018-15310", "vulLink": "http://www.anquanke.com/vul/id/1309694", "vulUpdateTime": "2018-09-14"}
{"vulName": "Lizard 安全漏洞", "vulNum": "CVE-2018-16985", "vulLink": "http://www.anquanke.com/vul/id/1309695", "vulUpdateTime": "2018-09-14"}
{"vulName": "CdBurnerXP 4.5.8.6795 File Name Denial of Service (PoC) - CXSecurity.com", "vulNum": "", "vulLink": "http://www.anquanke.com/vul/id/1309713", "vulUpdateTime": "2018-09-14"}
{"vulName": "Wisetail Learning Ecosystem 4.11.6 Insecure Direct Object Reference - CXSecurity.com", "vulNum": "CVE-2018-16971 CVE-2018-16970", "vulLink": "http://www.anquanke.com/vul/id/1309714", "vulUpdateTime": "2018-09-14"}
{"vulName": "Windows - NCP-e Secure Entry VPN Client - File Open DLL Planting RCE - CXSecurity.com", "vulNum": "", "vulLink": "http://www.anquanke.com/vul/id/1309715", "vulUpdateTime": "2018-09-14"}
{"vulName": "Watchguard AP100 AP102 AP200 1.2.9.15 Remote Code Execution - CXSecurity.com", "vulNum": "CVE-2018-10575 CVE-2018-10576 CVE-2018-10577", "vulLink": "http://www.anquanke.com/vul/id/1309716", "vulUpdateTime": "2018-09-14"}
{"vulName": "WordPress Survey And Poll 1.5.7.3 SQL Injection - CXSecurity.com", "vulNum": "", "vulLink": "http://www.anquanke.com/vul/id/1310252", "vulUpdateTime": "2018-09-14"}
{"vulName": "Faleemi Plus 1.0.2 Denial Of Service - CXSecurity.com", "vulNum": "", "vulLink": "http://www.anquanke.com/vul/id/1310294", "vulUpdateTime": "2018-09-14"}
{"vulName": "Imperva SecureSphere WAF 11.5 Bypass - CXSecurity.com", "vulNum": "", "vulLink": "http://www.anquanke.com/vul/id/1310295", "vulUpdateTime": "2018-09-14"}
{"vulName": "InfraRecorder 0.53 Denial Of Service - CXSecurity.com", "vulNum": "", "vulLink": "http://www.anquanke.com/vul/id/1310296", "vulUpdateTime": "2018-09-14"}
{"vulName": "TeamViewer App 13.0.100.0 Denial Of Service - CXSecurity.com", "vulNum": "", "vulLink": "http://www.anquanke.com/vul/id/1310297", "vulUpdateTime": "2018-09-14"}
{"vulName": "Microsoft ADFS 4.0 Windows Server 2016 Server Side Request Forgery - CXSecurity.com", "vulNum": "CVE-2018-16794", "vulLink": "http://www.anquanke.com/vul/id/1310343", "vulUpdateTime": "2018-09-14"}
{}
{}
{}
{}
{}
{}
{}
{}
